vacant;similarity ratio inicial;mean dissatisfaction inicial;mean interratial pears inicial;similarity ratio final;mean dissatisfaction final;mean interratial pears final;number of iterations
0.001;0.5085363281357115;0.338;0.7536;0.9853666821686311;0.0036;0.9895;30000
0.001;0.5062363310107079;0.3404;0.7523;0.6321647448688983;0.2492;0.8154;30000
0.001;0.509943469223724;0.3432;0.7544;0.9642543272602521;0.0092;0.9782;30000


0.9;0.06926692010881799;0.0268;0.0529;0.09326670011094462;0.0;0.0545;42
0.9;0.07300022766457948;0.0248;0.0524;0.0966000163332539;0.0;0.0557;41
0.9;0.07086690160901174;0.0252;0.0524;0.09473335855543315;0.0;0.0544;43

